"","observation_path","ministry_path","minister_path","portfolio_path","member_ID","minister_number","member_name","constituency_ID","profolio_name","start_date","end_date"
"1","/ministry-14/minister-1/portfolio-137","/ministry-14","/ministry-14/minister-1","/ministry-14/minister-1/portfolio-137",14,1,"Leona Aglukkaq","Nunavut","Minister for the Arctic Council","2008-10-14","2015-10-18"
"2","/ministry-41/minister-1/portfolio-138","/ministry-41","/ministry-41/minister-1","/ministry-41/minister-1/portfolio-138",41,1,"Leona Aglukkaq","Nunavut","Minister of Health","2008-10-14","2015-10-18"
"3","/ministry-102/minister-1/portfolio-139","/ministry-102","/ministry-102/minister-1","/ministry-102/minister-1/portfolio-139",102,1,"Leona Aglukkaq","Nunavut","Minister of the Canadian Northern Economic Development Agency","2008-10-14","2015-10-18"
"4","/ministry-104/minister-1/portfolio-140","/ministry-104","/ministry-104/minister-1","/ministry-104/minister-1/portfolio-140",104,1,"Leona Aglukkaq","Nunavut","Minister of the Environment","2008-10-14","2015-10-18"
"5","/ministry-115/minister-1/portfolio-194","/ministry-115","/ministry-115/minister-1","/ministry-115/minister-1/portfolio-194",115,1,"Reg Alcock","Winnipeg South","Minister responsible for the Canadian Wheat Board","2004-06-28","2006-01-22"
"6","/ministry-119/minister-1/portfolio-195","/ministry-119","/ministry-119/minister-1","/ministry-119/minister-1/portfolio-195",119,1,"Reg Alcock","Winnipeg South","President of the Treasury Board","2004-06-28","2006-01-22"
"7","/ministry-28/minister-1/portfolio-34","/ministry-28","/ministry-28/minister-1","/ministry-28/minister-1/portfolio-34",28,1,"Chris Alexander","Ajaxâ€”Pickering","Minister of Citizenship and Immigration","2011-05-02","2015-10-18"
"8","/ministry-13/minister-1/portfolio-204","/ministry-13","/ministry-13/minister-1","/ministry-13/minister-1/portfolio-204",13,1,"Rona Ambrose","Sturgeon Riverâ€”Parkland","Minister for Status of Women","2004-06-28","2017-07-04"
"9","/ministry-41/minister-2/portfolio-205","/ministry-41","/ministry-41/minister-2","/ministry-41/minister-2/portfolio-205",41,2,"Rona Ambrose","Sturgeon Riverâ€”Parkland","Minister of Health","2004-06-28","2017-07-04"
"10","/ministry-51/minister-1/portfolio-206","/ministry-51","/ministry-51/minister-1","/ministry-51/minister-1/portfolio-206",51,1,"Rona Ambrose","Sturgeon Riverâ€”Parkland","Minister of Intergovernmental Affairs","2004-06-28","2017-07-04"
"11","/ministry-58/minister-1/portfolio-207","/ministry-58","/ministry-58/minister-1","/ministry-58/minister-1/portfolio-207",58,1,"Rona Ambrose","Sturgeon Riverâ€”Parkland","Minister of Labour","2004-06-28","2017-07-04"
"12","/ministry-66/minister-1/portfolio-208","/ministry-66","/ministry-66/minister-1","/ministry-66/minister-1/portfolio-208",66,1,"Rona Ambrose","Sturgeon Riverâ€”Parkland","Minister of Public Works and Government Services","2004-06-28","2017-07-04"
"13","/ministry-104/minister-2/portfolio-209","/ministry-104","/ministry-104/minister-2","/ministry-104/minister-2/portfolio-209",104,2,"Rona Ambrose","Sturgeon Riverâ€”Parkland","Minister of the Environment","2004-06-28","2017-07-04"
"14","/ministry-109/minister-1/portfolio-210","/ministry-109","/ministry-109/minister-1","/ministry-109/minister-1/portfolio-210",109,1,"Rona Ambrose","Sturgeon Riverâ€”Parkland","Minister of Western Economic Diversification","2004-06-28","2017-07-04"
"15","/ministry-118/minister-1/portfolio-211","/ministry-118","/ministry-118/minister-1","/ministry-118/minister-1/portfolio-211",118,1,"Rona Ambrose","Sturgeon Riverâ€”Parkland","President of the Queen's Privy Council for Canada","2004-06-28","2017-07-04"
"16","/ministry-50/minister-1/portfolio-165","/ministry-50","/ministry-50/minister-1","/ministry-50/minister-1/portfolio-165",50,1,"Navdeep Bains","Mississaugaâ€”Malton","Minister of Innovation, Science and Economic Development","2004-06-28",NA
"17","/ministry-30/minister-1/portfolio-31","/ministry-30","/ministry-30/minister-1","/ministry-30/minister-1/portfolio-31",30,1,"Carolyn Bennett","Torontoâ€”St. Paul's","Minister of Crown-Indigenous Relations","2004-06-28",NA
"18","/ministry-90/minister-1/portfolio-32","/ministry-90","/ministry-90/minister-1","/ministry-90/minister-1/portfolio-32",90,1,"Carolyn Bennett","Torontoâ€”St. Paul's","Minister of State (Public Health)","2004-06-28",NA
"19","/ministry-97/minister-1/portfolio-28","/ministry-97","/ministry-97/minister-1","/ministry-97/minister-1/portfolio-28",97,1,"Candice Bergen","Portageâ€”Lisgar","Minister of State (Social Development)","2011-05-02",NA
"20","/ministry-40/minister-1/portfolio-160","/ministry-40","/ministry-40/minister-1","/ministry-40/minister-1/portfolio-160",40,1,"Maxime Bernier","Beauce","Minister of Foreign Affairs","2006-01-23",NA
"21","/ministry-47/minister-1/portfolio-161","/ministry-47","/ministry-47/minister-1","/ministry-47/minister-1/portfolio-161",47,1,"Maxime Bernier","Beauce","Minister of Industry","2006-01-23",NA
"22","/ministry-95/minister-1/portfolio-162","/ministry-95","/ministry-95/minister-1","/ministry-95/minister-1/portfolio-162",95,1,"Maxime Bernier","Beauce","Minister of State (Small Business and Tourism, and Agriculture)","2006-01-23",NA
"23","/ministry-96/minister-1/portfolio-163","/ministry-96","/ministry-96/minister-1","/ministry-96/minister-1/portfolio-163",96,1,"Maxime Bernier","Beauce","Minister of State (Small Business and Tourism)","2006-01-23",NA
"24","/ministry-23/minister-1/portfolio-156","/ministry-23","/ministry-23/minister-1","/ministry-23/minister-1/portfolio-156",23,1,"Marie-Claude Bibeau","Comptonâ€”Stanstead","Minister of Agriculture and Agri-Food","2015-10-19",NA
"25","/ministry-24/minister-1/portfolio-24","/ministry-24","/ministry-24/minister-1","/ministry-24/minister-1/portfolio-24",24,1,"Bill Blair","Scarborough Southwest","Minister of Border Security and Organized Crime Reduction","2015-10-19",NA
"26","/ministry-10/minister-1/portfolio-220","/ministry-10","/ministry-10/minister-1","/ministry-10/minister-1/portfolio-220",10,1,"Steven Blaney","Bellechasseâ€”Les Etcheminsâ€”LÃ©vis","Minister for La Francophonie","2006-01-23",NA
"27","/ministry-64/minister-1/portfolio-221","/ministry-64","/ministry-64/minister-1","/ministry-64/minister-1/portfolio-221",64,1,"Steven Blaney","Bellechasseâ€”Les Etcheminsâ€”LÃ©vis","Minister of Public Safety and Emergency Preparedness","2006-01-23",NA
"28","/ministry-108/minister-1/portfolio-222","/ministry-108","/ministry-108/minister-1","/ministry-108/minister-1/portfolio-222",108,1,"Steven Blaney","Bellechasseâ€”Les Etcheminsâ€”LÃ©vis","Minister of Veterans Affairs","2006-01-23",NA
"29","/ministry-76/minister-1/portfolio-67","/ministry-76","/ministry-76/minister-1","/ministry-76/minister-1/portfolio-67",76,1,"Ethel Blondin-Andrew","Western Arctic","Minister of State (Children and Youth)","2004-06-28","2006-01-22"
"30","/ministry-89/minister-1/portfolio-68","/ministry-89","/ministry-89/minister-1","/ministry-89/minister-1/portfolio-68",89,1,"Ethel Blondin-Andrew","Western Arctic","Minister of State (Northern Development)","2004-06-28","2006-01-22"
"31","/ministry-58/minister-2/portfolio-45","/ministry-58","/ministry-58/minister-2","/ministry-58/minister-2/portfolio-45",58,2,"Claudette Bradshaw","Monctonâ€”Riverviewâ€”Dieppe","Minister of Labour","2004-06-28","2006-01-22"
"32","/ministry-85/minister-1/portfolio-46","/ministry-85","/ministry-85/minister-1","/ministry-85/minister-1/portfolio-46",85,1,"Claudette Bradshaw","Monctonâ€”Riverviewâ€”Dieppe","Minister of State (Human Resources Development)","2004-06-28","2006-01-22"
"33","/ministry-112/minister-1/portfolio-47","/ministry-112","/ministry-112/minister-1","/ministry-112/minister-1/portfolio-47",112,1,"Claudette Bradshaw","Monctonâ€”Riverviewâ€”Dieppe","Minister responsible for Homelessness","2004-06-28","2006-01-22"
"34","/ministry-66/minister-2/portfolio-213","/ministry-66","/ministry-66/minister-2","/ministry-66/minister-2/portfolio-213",66,2,"Scott Brison","Kingsâ€”Hants","Minister of Public Works and Government Services","2004-06-28","2019-02-10"
"35","/ministry-56/minister-1/portfolio-102","/ministry-56","/ministry-56/minister-1","/ministry-56/minister-1/portfolio-102",56,1,"Jim Carr","Winnipeg South Centre","Minister of International Trade Diversification","2015-10-19",NA
"36","/ministry-53/minister-1/portfolio-2","/ministry-53","/ministry-53/minister-1","/ministry-53/minister-1/portfolio-2",53,1,"Aileen Carroll","Barrie","Minister of International Cooperation","2004-06-28","2006-01-22"
"37","/ministry-6/minister-1/portfolio-17","/ministry-6","/ministry-6/minister-1","/ministry-6/minister-1/portfolio-17",6,1,"Bardish Chagger","Waterloo","Leader of the Government in the House of Commons","2015-10-19",NA
"38","/ministry-88/minister-1/portfolio-193","/ministry-88","/ministry-88/minister-1","/ministry-88/minister-1/portfolio-193",88,1,"Raymond Chan","Richmond","Minister of State (Multiculturalism)","2004-06-28","2008-10-13"
"39","/ministry-19/minister-1/portfolio-225","/ministry-19","/ministry-19/minister-1","/ministry-19/minister-1/portfolio-225",19,1,"Tony Clement","Parry Soundâ€”Muskoka","Minister for the Federal Economic Development Initiative for Northern Ontario","2006-01-23",NA
"40","/ministry-19/minister-2/portfolio-226","/ministry-19","/ministry-19/minister-2","/ministry-19/minister-2/portfolio-226",19,2,"Tony Clement","Parry Soundâ€”Muskoka","Minister for the Federal Economic Development Initiative for Northern Ontario","2006-01-23",NA
"41","/ministry-41/minister-3/portfolio-227","/ministry-41","/ministry-41/minister-3","/ministry-41/minister-3/portfolio-227",41,3,"Tony Clement","Parry Soundâ€”Muskoka","Minister of Health","2006-01-23",NA
"42","/ministry-47/minister-2/portfolio-228","/ministry-47","/ministry-47/minister-2","/ministry-47/minister-2/portfolio-228",47,2,"Tony Clement","Parry Soundâ€”Muskoka","Minister of Industry","2006-01-23",NA
"43","/ministry-119/minister-2/portfolio-229","/ministry-119","/ministry-119/minister-2","/ministry-119/minister-2/portfolio-229",119,2,"Tony Clement","Parry Soundâ€”Muskoka","President of the Treasury Board","2006-01-23",NA
"44","/ministry-2/minister-1/portfolio-86","/ministry-2","/ministry-2/minister-1","/ministry-2/minister-1/portfolio-86",2,1,"Irwin Cotler","Mount Royal","Attorney General of Canada","2004-06-28","2015-10-18"
"45","/ministry-57/minister-1/portfolio-87","/ministry-57","/ministry-57/minister-1","/ministry-57/minister-1/portfolio-87",57,1,"Irwin Cotler","Mount Royal","Minister of Justice","2004-06-28","2015-10-18"
"46","/ministry-41/minister-4/portfolio-233","/ministry-41","/ministry-41/minister-4","/ministry-41/minister-4/portfolio-233",41,4,"Ujjal Dosanjh","Vancouver South","Minister of Health","2004-06-28","2011-05-01"
"47","/ministry-71/minister-1/portfolio-130","/ministry-71","/ministry-71/minister-1","/ministry-71/minister-1/portfolio-130",71,1,"Ken Dryden","York Centre","Minister of Social Development","2004-06-28","2011-05-01"
"48","/ministry-36/minister-1/portfolio-101","/ministry-36","/ministry-36/minister-1","/ministry-36/minister-1/portfolio-101",36,1,"Jean-Yves Duclos","QuÃ©bec","Minister of Families, Children and Social Development","2015-10-19",NA
"49","/ministry-5/minister-1/portfolio-108","/ministry-5","/ministry-5/minister-1","/ministry-5/minister-1/portfolio-108",5,1,"John Duncan","Vancouver Island North","Federal Interlocutor for Métis and Non-Status Indians","2004-06-28","2015-10-18"
"50","/ministry-21/minister-1/portfolio-109","/ministry-21","/ministry-21/minister-1","/ministry-21/minister-1/portfolio-109",21,1,"John Duncan","Vancouver Island North","Minister of Aboriginal Affairs and Northern Development","2004-06-28","2015-10-18"
"51","/ministry-45/minister-1/portfolio-110","/ministry-45","/ministry-45/minister-1","/ministry-45/minister-1/portfolio-110",45,1,"John Duncan","Vancouver Island North","Minister of Indian Affairs and Northern Development","2004-06-28","2015-10-18"
"52","/ministry-72/minister-1/portfolio-111","/ministry-72","/ministry-72/minister-1","/ministry-72/minister-1/portfolio-111",72,1,"John Duncan","Vancouver Island North","Minister of State","2004-06-28","2015-10-18"
"53","/ministry-102/minister-2/portfolio-112","/ministry-102","/ministry-102/minister-2","/ministry-102/minister-2/portfolio-112",102,2,"John Duncan","Vancouver Island North","Minister of the Canadian Northern Economic Development Agency","2004-06-28","2015-10-18"
"54","/ministry-68/minister-1/portfolio-134","/ministry-68","/ministry-68/minister-1","/ministry-68/minister-1/portfolio-134",68,1,"Kirsty Duncan","Etobicoke North","Minister of Science and Sport","2008-10-14",NA
"55","/ministry-62/minister-1/portfolio-212","/ministry-62","/ministry-62/minister-1","/ministry-62/minister-1/portfolio-212",62,1,"Ruben Efford","Avalon","Minister of Natural Resources","2004-06-28","2006-01-22"
"56","/ministry-47/minister-3/portfolio-48","/ministry-47","/ministry-47/minister-3","/ministry-47/minister-3/portfolio-48",47,3,"David Emerson","Vancouver Kingsway","Minister of Industry","2004-06-28","2008-10-13"
"57","/ministry-1/minister-1/portfolio-121","/ministry-1","/ministry-1/minister-1","/ministry-1/minister-1/portfolio-121",1,1,"Julian Fantino","Vaughan","Associate Minister of National Defence","2010-11-29","2015-10-18"
"58","/ministry-1/minister-2/portfolio-122","/ministry-1","/ministry-1/minister-2","/ministry-1/minister-2/portfolio-122",1,2,"Julian Fantino","Vaughan","Associate Minister of National Defence","2010-11-29","2015-10-18"
"59","/ministry-53/minister-2/portfolio-123","/ministry-53","/ministry-53/minister-2","/ministry-53/minister-2/portfolio-123",53,2,"Julian Fantino","Vaughan","Minister of International Cooperation","2010-11-29","2015-10-18"
"60","/ministry-94/minister-1/portfolio-124","/ministry-94","/ministry-94/minister-1","/ministry-94/minister-1/portfolio-124",94,1,"Julian Fantino","Vaughan","Minister of State (Seniors)","2010-11-29","2015-10-18"
"61","/ministry-108/minister-2/portfolio-125","/ministry-108","/ministry-108/minister-2","/ministry-108/minister-2/portfolio-125",108,2,"Julian Fantino","Vaughan","Minister of Veterans Affairs","2010-11-29","2015-10-18"
"62","/ministry-15/minister-1/portfolio-63","/ministry-15","/ministry-15/minister-1","/ministry-15/minister-1/portfolio-63",15,1,"Ed Fast","Abbotsford","Minister for the Asia-Pacific Gateway","2006-01-23",NA
"63","/ministry-55/minister-1/portfolio-64","/ministry-55","/ministry-55/minister-1","/ministry-55/minister-1/portfolio-64",55,1,"Ed Fast","Abbotsford","Minister of International Trade","2006-01-23",NA
"64","/ministry-1/minister-3/portfolio-131","/ministry-1","/ministry-1/minister-3","/ministry-1/minister-3/portfolio-131",1,3,"Kerry-Lynne D. Findlay","Deltaâ€”Richmond East","Associate Minister of National Defence","2011-05-02","2015-10-18"
"65","/ministry-61/minister-1/portfolio-132","/ministry-61","/ministry-61/minister-1","/ministry-61/minister-1/portfolio-132",61,1,"Kerry-Lynne D. Findlay","Deltaâ€”Richmond East","Minister of National Revenue","2011-05-02","2015-10-18"
"66","/ministry-28/minister-2/portfolio-57","/ministry-28","/ministry-28/minister-2","/ministry-28/minister-2/portfolio-57",28,2,"Diane Finley","Haldimandâ€”Norfolk","Minister of Citizenship and Immigration","2004-06-28",NA
"67","/ministry-42/minister-1/portfolio-58","/ministry-42","/ministry-42/minister-1","/ministry-42/minister-1/portfolio-58",42,1,"Diane Finley","Haldimandâ€”Norfolk","Minister of Human Resources and Skills Development","2004-06-28",NA
"68","/ministry-43/minister-1/portfolio-59","/ministry-43","/ministry-43/minister-1","/ministry-43/minister-1/portfolio-59",43,1,"Diane Finley","Haldimandâ€”Norfolk","Minister of Human Resources and Social Development","2004-06-28",NA
"69","/ministry-66/minister-3/portfolio-60","/ministry-66","/ministry-66/minister-3","/ministry-66/minister-3/portfolio-60",66,3,"Diane Finley","Haldimandâ€”Norfolk","Minister of Public Works and Government Services","2004-06-28",NA
"70","/ministry-59/minister-1/portfolio-104","/ministry-59","/ministry-59/minister-1","/ministry-59/minister-1/portfolio-104",59,1,"Joe Fontana","London North Centre","Minister of Labour and Housing","2004-06-28","2006-09-20"
"71","/ministry-40/minister-2/portfolio-44","/ministry-40","/ministry-40/minister-2","/ministry-40/minister-2/portfolio-44",40,2,"Chrystia Freeland","Universityâ€”Rosedale","Minister of Foreign Affairs","2013-11-25",NA
"72","/ministry-25/minister-1/portfolio-144","/ministry-25","/ministry-25/minister-1","/ministry-25/minister-1/portfolio-144",25,1,"Liza Frulla","Jeanne-Le Ber","Minister of Canadian Heritage","2004-06-28","2006-01-22"
"73","/ministry-71/minister-2/portfolio-145","/ministry-71","/ministry-71/minister-2","/ministry-71/minister-2/portfolio-145",71,2,"Liza Frulla","Jeanne-Le Ber","Minister of Social Development","2004-06-28","2006-01-22"
"74","/ministry-114/minister-1/portfolio-146","/ministry-114","/ministry-114/minister-1","/ministry-114/minister-1/portfolio-146",114,1,"Liza Frulla","Jeanne-Le Ber","Minister responsible for Status of Women","2004-06-28","2006-01-22"
"75","/ministry-106/minister-1/portfolio-155","/ministry-106","/ministry-106/minister-1","/ministry-106/minister-1/portfolio-155",106,1,"Marc Garneau","Notre-Dame-de-GrÃ¢ceâ€”Westmount","Minister of Transport","2008-10-14",NA
"76","/ministry-27/minister-1/portfolio-215","/ministry-27","/ministry-27/minister-1","/ministry-27/minister-1/portfolio-215",27,1,"Shelly Glover","Saint Boniface","Minister of Canadian Heritage and Official Languages","2008-10-14","2015-10-18"
"77","/ministry-86/minister-1/portfolio-113","/ministry-86","/ministry-86/minister-1","/ministry-86/minister-1/portfolio-113",86,1,"John Godfrey","Don Valley West","Minister of State (Infrastructure and Communities)","2004-06-28","2008-08-01"
"78","/ministry-37/minister-1/portfolio-191","/ministry-37","/ministry-37/minister-1","/ministry-37/minister-1/portfolio-191",37,1,"Ralph Goodale","Reginaâ€”Wascana","Minister of Finance","2004-06-28",NA
"79","/ministry-64/minister-2/portfolio-192","/ministry-64","/ministry-64/minister-2","/ministry-64/minister-2/portfolio-192",64,2,"Ralph Goodale","Reginaâ€”Wascana","Minister of Public Safety and Emergency Preparedness","2004-06-28",NA
"80","/ministry-81/minister-1/portfolio-74","/ministry-81","/ministry-81/minister-1","/ministry-81/minister-1/portfolio-74",81,1,"Gary Goodyear","Cambridge","Minister of State (Federal Economic Development Agency for Southern Ontario)","2004-06-28","2015-10-18"
"81","/ministry-92/minister-1/portfolio-75","/ministry-92","/ministry-92/minister-1","/ministry-92/minister-1/portfolio-75",92,1,"Gary Goodyear","Cambridge","Minister of State (Science and Technology)","2004-06-28","2015-10-18"
"82","/ministry-93/minister-1/portfolio-76","/ministry-93","/ministry-93/minister-1","/ministry-93/minister-1/portfolio-76",93,1,"Gary Goodyear","Cambridge","Minister of State (Science and Technology) (Federal Economic Development Agency for Southern Ontario)","2004-06-28","2015-10-18"
"83","/ministry-98/minister-1/portfolio-16","/ministry-98","/ministry-98/minister-1","/ministry-98/minister-1/portfolio-16",98,1,"Bal Gosal","Bramaleaâ€”Goreâ€”Malton","Minister of State (Sport)","2011-05-02","2015-10-18"
"84","/ministry-31/minister-1/portfolio-129","/ministry-31","/ministry-31/minister-1","/ministry-31/minister-1/portfolio-129",31,1,"Karina Gould","Burlington","Minister of Democratic Institutions","2015-10-19",NA
"85","/ministry-40/minister-3/portfolio-25","/ministry-40","/ministry-40/minister-3","/ministry-40/minister-3/portfolio-25",40,3,"Bill Graham","Toronto Centre","Minister of Foreign Affairs","2004-06-28","2007-07-02"
"86","/ministry-60/minister-1/portfolio-26","/ministry-60","/ministry-60/minister-1","/ministry-60/minister-1/portfolio-26",60,1,"Bill Graham","Toronto Centre","Minister of National Defence","2004-06-28","2007-07-02"
"87","/ministry-1/minister-4/portfolio-3","/ministry-1","/ministry-1/minister-4","/ministry-1/minister-4/portfolio-3",1,4,"Albina Guarnieri","Mississauga Eastâ€”Cooksville","Associate Minister of National Defence","2004-06-28","2011-05-01"
"88","/ministry-77/minister-1/portfolio-4","/ministry-77","/ministry-77/minister-1","/ministry-77/minister-1/portfolio-4",77,1,"Albina Guarnieri","Mississauga Eastâ€”Cooksville","Minister of State (Civil Preparedness)","2004-06-28","2011-05-01"
"89","/ministry-108/minister-3/portfolio-5","/ministry-108","/ministry-108/minister-3","/ministry-108/minister-3/portfolio-5",108,3,"Albina Guarnieri","Mississauga Eastâ€”Cooksville","Minister of Veterans Affairs","2004-06-28","2011-05-01"
"90","/ministry-34/minister-1/portfolio-167","/ministry-34","/ministry-34/minister-1","/ministry-34/minister-1/portfolio-167",34,1,"Patty Hajdu","Thunder Bayâ€”Superior North","Minister of Employment, Workforce Development and Labour","2015-10-19",NA
"91","/ministry-120/minister-1/portfolio-216","/ministry-120","/ministry-120/minister-1","/ministry-120/minister-1/portfolio-216",120,1,"Stephen Harper","Calgary Heritage","Prime Minister","2004-06-28","2016-08-26"
"92","/ministry-92/minister-2/portfolio-65","/ministry-92","/ministry-92/minister-2","/ministry-92/minister-2/portfolio-65",92,2,"Ed Holder","London West","Minister of State (Science and Technology)","2008-10-14","2015-10-18"
"93","/ministry-44/minister-1/portfolio-1","/ministry-44","/ministry-44/minister-1","/ministry-44/minister-1/portfolio-1",44,1,"Ahmed Hussen","York Southâ€”Weston","Minister of Immigration, Refugees and Citizenship","2015-10-19",NA
"94","/ministry-80/minister-1/portfolio-230","/ministry-80","/ministry-80/minister-1","/ministry-80/minister-1/portfolio-230",80,1,"Tony Ianno","Trinityâ€”Spadina","Minister of State (Families and Caregivers)","2004-06-28","2006-01-22"
"95","/ministry-67/minister-1/portfolio-20","/ministry-67","/ministry-67/minister-1","/ministry-67/minister-1/portfolio-20",67,1,"Bernadette Jordan","South Shoreâ€”St. Margarets","Minister of Rural Economic Development","2015-10-19",NA
"96","/ministry-11/minister-1/portfolio-95","/ministry-11","/ministry-11/minister-1","/ministry-11/minister-1/portfolio-95",11,1,"Jason Kenney","Calgary Midnapore","Minister for Multiculturalism","2004-06-28","2016-09-23"
"97","/ministry-29/minister-1/portfolio-96","/ministry-29","/ministry-29/minister-1","/ministry-29/minister-1/portfolio-96",29,1,"Jason Kenney","Calgary Midnapore","Minister of Citizenship, Immigration and Multiculturalism","2004-06-28","2016-09-23"
"98","/ministry-33/minister-1/portfolio-97","/ministry-33","/ministry-33/minister-1","/ministry-33/minister-1/portfolio-97",33,1,"Jason Kenney","Calgary Midnapore","Minister of Employment and Social Development","2004-06-28","2016-09-23"
"99","/ministry-60/minister-2/portfolio-98","/ministry-60","/ministry-60/minister-2","/ministry-60/minister-2/portfolio-98",60,2,"Jason Kenney","Calgary Midnapore","Minister of National Defence","2004-06-28","2016-09-23"
"100","/ministry-123/minister-1/portfolio-99","/ministry-123","/ministry-123/minister-1","/ministry-123/minister-1/portfolio-99",123,1,"Jason Kenney","Calgary Midnapore","Secretary of State (Multiculturalism and Canadian Identity)","2004-06-28","2016-09-23"
"101","/ministry-2/minister-2/portfolio-49","/ministry-2","/ministry-2/minister-2","/ministry-2/minister-2/portfolio-49",2,2,"David Lametti","LaSalleâ€”Ã‰mardâ€”Verdun","Attorney General of Canada","2015-10-19",NA
"102","/ministry-57/minister-2/portfolio-50","/ministry-57","/ministry-57/minister-2","/ministry-57/minister-2/portfolio-50",57,2,"David Lametti","LaSalleâ€”Ã‰mardâ€”Verdun","Minister of Justice","2015-10-19",NA
"103","/ministry-106/minister-2/portfolio-100","/ministry-106","/ministry-106/minister-2","/ministry-106/minister-2/portfolio-100",106,2,"Jean Lapierre","Outremont","Minister of Transport","2004-06-28","2007-01-28"
"104","/ministry-49/minister-1/portfolio-51","/ministry-49","/ministry-49/minister-1","/ministry-49/minister-1/portfolio-51",49,1,"Denis Lebel","Lac-Saint-Jean","Minister of Infrastructure, Communities and Intergovernmental Affairs","2007-09-17","2017-08-09"
"105","/ministry-51/minister-2/portfolio-52","/ministry-51","/ministry-51/minister-2","/ministry-51/minister-2/portfolio-52",51,2,"Denis Lebel","Lac-Saint-Jean","Minister of Intergovernmental Affairs","2007-09-17","2017-08-09"
"106","/ministry-79/minister-1/portfolio-53","/ministry-79","/ministry-79/minister-1","/ministry-79/minister-1/portfolio-53",79,1,"Denis Lebel","Lac-Saint-Jean","Minister of State (Economic Development Agency of Canada for the Regions of Quebec)","2007-09-17","2017-08-09"
"107","/ministry-103/minister-1/portfolio-54","/ministry-103","/ministry-103/minister-1","/ministry-103/minister-1/portfolio-54",103,1,"Denis Lebel","Lac-Saint-Jean","Minister of the Economic Development Agency of Canada for the Regions of Quebec","2007-09-17","2017-08-09"
"108","/ministry-107/minister-1/portfolio-55","/ministry-107","/ministry-107/minister-1","/ministry-107/minister-1/portfolio-55",107,1,"Denis Lebel","Lac-Saint-Jean","Minister of Transport, Infrastructure and Communities","2007-09-17","2017-08-09"
"109","/ministry-118/minister-2/portfolio-56","/ministry-118","/ministry-118/minister-2","/ministry-118/minister-2/portfolio-56",118,2,"Denis Lebel","Lac-Saint-Jean","President of the Queen's Privy Council for Canada","2007-09-17","2017-08-09"
"110","/ministry-52/minister-1/portfolio-62","/ministry-52","/ministry-52/minister-1","/ministry-52/minister-1/portfolio-62",52,1,"Dominic LeBlanc","BeausÃ©jour","Minister of Intergovernmental and Northern Affairs and Internal Trade","2004-06-28",NA
"111","/ministry-61/minister-2/portfolio-61","/ministry-61","/ministry-61/minister-2","/ministry-61/minister-2/portfolio-61",61,2,"Diane Lebouthillier","GaspÃ©sieâ€”Les ÃŽles-de-la-Madeleine","Minister of National Revenue","2015-10-19",NA
"112","/ministry-58/minister-3/portfolio-127","/ministry-58","/ministry-58/minister-3","/ministry-58/minister-3/portfolio-127",58,3,"K. Kellie Leitch","Simcoeâ€”Grey","Minister of Labour","2011-05-02",NA
"113","/ministry-100/minister-1/portfolio-128","/ministry-100","/ministry-100/minister-1","/ministry-100/minister-1/portfolio-128",100,1,"K. Kellie Leitch","Simcoeâ€”Grey","Minister of Status of Women","2011-05-02",NA
"114","/ministry-1/minister-5/portfolio-135","/ministry-1","/ministry-1/minister-5","/ministry-1/minister-5/portfolio-135",1,5,"Lawrence MacAulay","Cardigan","Associate Minister of National Defence","2004-06-28",NA
"115","/ministry-108/minister-4/portfolio-136","/ministry-108","/ministry-108/minister-4","/ministry-108/minister-4/portfolio-136",108,4,"Lawrence MacAulay","Cardigan","Minister of Veterans Affairs","2004-06-28",NA
"116","/ministry-2/minister-3/portfolio-169","/ministry-2","/ministry-2/minister-3","/ministry-2/minister-3/portfolio-169",2,3,"Peter MacKay","Central Nova","Attorney General of Canada","2004-06-28","2015-10-18"
"117","/ministry-17/minister-1/portfolio-170","/ministry-17","/ministry-17/minister-1","/ministry-17/minister-1/portfolio-170",17,1,"Peter MacKay","Central Nova","Minister for the Atlantic Gateway","2004-06-28","2015-10-18"
"118","/ministry-40/minister-4/portfolio-171","/ministry-40","/ministry-40/minister-4","/ministry-40/minister-4/portfolio-171",40,4,"Peter MacKay","Central Nova","Minister of Foreign Affairs","2004-06-28","2015-10-18"
"119","/ministry-57/minister-3/portfolio-172","/ministry-57","/ministry-57/minister-3","/ministry-57/minister-3/portfolio-172",57,3,"Peter MacKay","Central Nova","Minister of Justice","2004-06-28","2015-10-18"
"120","/ministry-60/minister-3/portfolio-173","/ministry-60","/ministry-60/minister-3","/ministry-60/minister-3/portfolio-173",60,3,"Peter MacKay","Central Nova","Minister of National Defence","2004-06-28","2015-10-18"
"121","/ministry-101/minister-1/portfolio-174","/ministry-101","/ministry-101/minister-1","/ministry-101/minister-1/portfolio-174",101,1,"Peter MacKay","Central Nova","Minister of the Atlantic Canada Opportunities Agency","2004-06-28","2015-10-18"
"122","/ministry-101/minister-2/portfolio-175","/ministry-101","/ministry-101/minister-2","/ministry-101/minister-2/portfolio-175",101,2,"Peter MacKay","Central Nova","Minister of the Atlantic Canada Opportunities Agency","2004-06-28","2015-10-18"
"123","/ministry-120/minister-2/portfolio-168","/ministry-120","/ministry-120/minister-2","/ministry-120/minister-2/portfolio-168",120,2,"Paul Martin","LaSalleâ€”Ã‰mard","Prime Minister","2004-06-28","2008-10-13"
"124","/ministry-61/minister-3/portfolio-114","/ministry-61","/ministry-61/minister-3","/ministry-61/minister-3/portfolio-114",61,3,"John McCallum","Markhamâ€”Thornhill","Minister of National Revenue","2004-06-28","2017-02-01"
"125","/ministry-108/minister-5/portfolio-115","/ministry-108","/ministry-108/minister-5","/ministry-108/minister-5/portfolio-115",108,5,"John McCallum","Markhamâ€”Thornhill","Minister of Veterans Affairs","2004-06-28","2017-02-01"
"126","/ministry-101/minister-3/portfolio-105","/ministry-101","/ministry-101/minister-3","/ministry-101/minister-3/portfolio-105",101,3,"Joe McGuire","Egmont","Minister of the Atlantic Canada Opportunities Agency","2004-06-28","2008-10-13"
"127","/ministry-35/minister-1/portfolio-33","/ministry-35","/ministry-35/minister-1","/ministry-35/minister-1/portfolio-33",35,1,"Catherine McKenna","Ottawa Centre","Minister of Environment and Climate Change","2015-10-19",NA
"128","/ministry-4/minister-1/portfolio-14","/ministry-4","/ministry-4/minister-1","/ministry-4/minister-1/portfolio-14",4,1,"Anne McLellan","Edmonton Centre","Deputy Prime Minister","2004-06-28","2006-01-22"
"129","/ministry-64/minister-3/portfolio-15","/ministry-64","/ministry-64/minister-3","/ministry-64/minister-3/portfolio-15",64,3,"Anne McLellan","Edmonton Centre","Minister of Public Safety and Emergency Preparedness","2004-06-28","2006-01-22"
"130","/ministry-23/minister-2/portfolio-8","/ministry-23","/ministry-23/minister-2","/ministry-23/minister-2/portfolio-8",23,2,"Andy Mitchell","Parry Soundâ€”Muskoka","Minister of Agriculture and Agri-Food","2004-06-28","2006-01-22"
"131","/ministry-45/minister-2/portfolio-9","/ministry-45","/ministry-45/minister-2","/ministry-45/minister-2/portfolio-9",45,2,"Andy Mitchell","Parry Soundâ€”Muskoka","Minister of Indian Affairs and Northern Development","2004-06-28","2006-01-22"
"132","/ministry-82/minister-1/portfolio-10","/ministry-82","/ministry-82/minister-1","/ministry-82/minister-1/portfolio-10",82,1,"Andy Mitchell","Parry Soundâ€”Muskoka","Minister of State (Federal Economic Development Initiative for Northern Ontario)","2004-06-28","2006-01-22"
"133","/ministry-20/minister-1/portfolio-158","/ministry-20","/ministry-20/minister-1","/ministry-20/minister-1/portfolio-158",20,1,"Maryam Monsef","Peterboroughâ€”Kawartha","Minister for Women and Gender Equality","2015-10-19",NA
"134","/ministry-54/minister-1/portfolio-159","/ministry-54","/ministry-54/minister-1","/ministry-54/minister-1/portfolio-159",54,1,"Maryam Monsef","Peterboroughâ€”Kawartha","Minister of International Development","2015-10-19",NA
"135","/ministry-27/minister-2/portfolio-92","/ministry-27","/ministry-27/minister-2","/ministry-27/minister-2/portfolio-92",27,2,"James Moore","Port Moodyâ€”Westwoodâ€”Port Coquitlam","Minister of Canadian Heritage and Official Languages","2004-06-28","2015-10-18"
"136","/ministry-47/minister-4/portfolio-93","/ministry-47","/ministry-47/minister-4","/ministry-47/minister-4/portfolio-93",47,4,"James Moore","Port Moodyâ€”Westwoodâ€”Port Coquitlam","Minister of Industry","2004-06-28","2015-10-18"
"137","/ministry-122/minister-1/portfolio-94","/ministry-122","/ministry-122/minister-1","/ministry-122/minister-1/portfolio-94",122,1,"James Moore","Port Moodyâ€”Westwoodâ€”Port Coquitlam","Secretary of State (Asia-Pacific Gateway) (2010 Olympics) (Official Languages)","2004-06-28","2015-10-18"
"138","/ministry-74/minister-1/portfolio-196","/ministry-74","/ministry-74/minister-1","/ministry-74/minister-1/portfolio-196",74,1,"Rob Moore","Fundy Royal","Minister of State (Atlantic Canada Opportunities Agency)","2004-06-28","2015-10-18"
"139","/ministry-96/minister-2/portfolio-197","/ministry-96","/ministry-96/minister-2","/ministry-96/minister-2/portfolio-197",96,2,"Rob Moore","Fundy Royal","Minister of State (Small Business and Tourism)","2004-06-28","2015-10-18"
"140","/ministry-37/minister-2/portfolio-27","/ministry-37","/ministry-37/minister-2","/ministry-37/minister-2/portfolio-27",37,2,"Bill Morneau","Toronto Centre","Minister of Finance","2015-10-19",NA
"141","/ministry-32/minister-1/portfolio-119","/ministry-32","/ministry-32/minister-1","/ministry-32/minister-1/portfolio-119",32,1,"Joyce Murray","Vancouver Quadra","Minister of Digital Government","2008-03-17",NA
"142","/ministry-119/minister-3/portfolio-120","/ministry-119","/ministry-119/minister-3","/ministry-119/minister-3/portfolio-120",119,3,"Joyce Murray","Vancouver Quadra","President of the Treasury Board","2008-03-17",NA
"143","/ministry-70/minister-1/portfolio-157","/ministry-70","/ministry-70/minister-1","/ministry-70/minister-1/portfolio-157",70,1,"Mary Ng","Markhamâ€”Thornhill","Minister of Small Business and Export Promotion","2017-04-03",NA
"144","/ministry-2/minister-4/portfolio-198","/ministry-2","/ministry-2/minister-4","/ministry-2/minister-4/portfolio-198",2,4,"Rob Nicholson","Niagara Falls","Attorney General of Canada","2004-06-28",NA
"145","/ministry-6/minister-2/portfolio-199","/ministry-6","/ministry-6/minister-2","/ministry-6/minister-2/portfolio-199",6,2,"Rob Nicholson","Niagara Falls","Leader of the Government in the House of Commons","2004-06-28",NA
"146","/ministry-8/minister-1/portfolio-200","/ministry-8","/ministry-8/minister-1","/ministry-8/minister-1/portfolio-200",8,1,"Rob Nicholson","Niagara Falls","Minister for Democratic Reform","2004-06-28",NA
"147","/ministry-40/minister-5/portfolio-201","/ministry-40","/ministry-40/minister-5","/ministry-40/minister-5/portfolio-201",40,5,"Rob Nicholson","Niagara Falls","Minister of Foreign Affairs","2004-06-28",NA
"148","/ministry-57/minister-4/portfolio-202","/ministry-57","/ministry-57/minister-4","/ministry-57/minister-4/portfolio-202",57,4,"Rob Nicholson","Niagara Falls","Minister of Justice","2004-06-28",NA
"149","/ministry-60/minister-4/portfolio-203","/ministry-60","/ministry-60/minister-4","/ministry-60/minister-4/portfolio-203",60,4,"Rob Nicholson","Niagara Falls","Minister of National Defence","2004-06-28",NA
"150","/ministry-46/minister-1/portfolio-214","/ministry-46","/ministry-46/minister-1","/ministry-46/minister-1/portfolio-214",46,1,"Seamus O'Regan","St. John's Southâ€”Mount Pearl","Minister of Indigenous Services","2015-10-19",NA
"151","/ministry-108/minister-6/portfolio-66","/ministry-108","/ministry-108/minister-6","/ministry-108/minister-6/portfolio-66",108,6,"Erin O'Toole","Durham","Minister of Veterans Affairs","2012-11-26",NA
"152","/ministry-37/minister-3/portfolio-106","/ministry-37","/ministry-37/minister-3","/ministry-37/minister-3/portfolio-106",37,3,"Joe Oliver","Eglintonâ€”Lawrence","Minister of Finance","2011-05-02","2015-10-18"
"153","/ministry-62/minister-2/portfolio-107","/ministry-62","/ministry-62/minister-2","/ministry-62/minister-2/portfolio-107",62,2,"Joe Oliver","Eglintonâ€”Lawrence","Minister of Natural Resources","2011-05-02","2015-10-18"
"154","/ministry-66/minister-4/portfolio-217","/ministry-66","/ministry-66/minister-4","/ministry-66/minister-4/portfolio-217",66,4,"Stephen Owen","Vancouver Quadra","Minister of Public Works and Government Services","2004-06-28","2007-07-27"
"155","/ministry-98/minister-2/portfolio-218","/ministry-98","/ministry-98/minister-2","/ministry-98/minister-2/portfolio-218",98,2,"Stephen Owen","Vancouver Quadra","Minister of State (Sport)","2004-06-28","2007-07-27"
"156","/ministry-109/minister-2/portfolio-219","/ministry-109","/ministry-109/minister-2","/ministry-109/minister-2/portfolio-219",109,2,"Stephen Owen","Vancouver Quadra","Minister of Western Economic Diversification","2004-06-28","2007-07-27"
"157","/ministry-10/minister-2/portfolio-35","/ministry-10","/ministry-10/minister-2","/ministry-10/minister-2/portfolio-35",10,2,"Christian Paradis","MÃ©ganticâ€”L'Ã‰rable","Minister for La Francophonie","2006-01-23","2015-10-18"
"158","/ministry-47/minister-5/portfolio-36","/ministry-47","/ministry-47/minister-5","/ministry-47/minister-5/portfolio-36",47,5,"Christian Paradis","MÃ©ganticâ€”L'Ã‰rable","Minister of Industry","2006-01-23","2015-10-18"
"159","/ministry-54/minister-2/portfolio-37","/ministry-54","/ministry-54/minister-2","/ministry-54/minister-2/portfolio-37",54,2,"Christian Paradis","MÃ©ganticâ€”L'Ã‰rable","Minister of International Development","2006-01-23","2015-10-18"
"160","/ministry-62/minister-3/portfolio-38","/ministry-62","/ministry-62/minister-3","/ministry-62/minister-3/portfolio-38",62,3,"Christian Paradis","MÃ©ganticâ€”L'Ã‰rable","Minister of Natural Resources","2006-01-23","2015-10-18"
"161","/ministry-66/minister-5/portfolio-39","/ministry-66","/ministry-66/minister-5","/ministry-66/minister-5/portfolio-39",66,5,"Christian Paradis","MÃ©ganticâ€”L'Ã‰rable","Minister of Public Works and Government Services","2006-01-23","2015-10-18"
"162","/ministry-66/minister-6/portfolio-40","/ministry-66","/ministry-66/minister-6","/ministry-66/minister-6/portfolio-40",66,6,"Christian Paradis","MÃ©ganticâ€”L'Ã‰rable","Minister of Public Works and Government Services","2006-01-23","2015-10-18"
"163","/ministry-73/minister-1/portfolio-41","/ministry-73","/ministry-73/minister-1","/ministry-73/minister-1/portfolio-41",73,1,"Christian Paradis","MÃ©ganticâ€”L'Ã‰rable","Minister of State (Agriculture)","2006-01-23","2015-10-18"
"164","/ministry-121/minister-1/portfolio-42","/ministry-121","/ministry-121/minister-1","/ministry-121/minister-1/portfolio-42",121,1,"Christian Paradis","MÃ©ganticâ€”L'Ã‰rable","Secretary of State (Agriculture)","2006-01-23","2015-10-18"
"165","/ministry-121/minister-2/portfolio-43","/ministry-121","/ministry-121/minister-2","/ministry-121/minister-2/portfolio-43",121,2,"Christian Paradis","MÃ©ganticâ€”L'Ã‰rable","Secretary of State (Agriculture)","2006-01-23","2015-10-18"
"166","/ministry-55/minister-2/portfolio-103","/ministry-55","/ministry-55/minister-2","/ministry-55/minister-2/portfolio-103",55,2,"Jim Peterson","Willowdale","Minister of International Trade","2004-06-28","2007-07-12"
"167","/ministry-41/minister-5/portfolio-81","/ministry-41","/ministry-41/minister-5","/ministry-41/minister-5/portfolio-81",41,5,"Ginette Petitpas Taylor","Monctonâ€”Riverviewâ€”Dieppe","Minister of Health","2015-10-19",NA
"168","/ministry-40/minister-6/portfolio-184","/ministry-40","/ministry-40/minister-6","/ministry-40/minister-6/portfolio-184",40,6,"Pierre Pettigrew","Papineau","Minister of Foreign Affairs","2004-06-28","2006-01-22"
"169","/ministry-41/minister-6/portfolio-185","/ministry-41","/ministry-41/minister-6","/ministry-41/minister-6/portfolio-185",41,6,"Pierre Pettigrew","Papineau","Minister of Health","2004-06-28","2006-01-22"
"170","/ministry-51/minister-3/portfolio-186","/ministry-51","/ministry-51/minister-3","/ministry-51/minister-3/portfolio-186",51,3,"Pierre Pettigrew","Papineau","Minister of Intergovernmental Affairs","2004-06-28","2006-01-22"
"171","/ministry-113/minister-1/portfolio-187","/ministry-113","/ministry-113/minister-1","/ministry-113/minister-1/portfolio-187",113,1,"Pierre Pettigrew","Papineau","Minister responsible for Official Languages","2004-06-28","2006-01-22"
"172","/ministry-8/minister-2/portfolio-188","/ministry-8","/ministry-8/minister-2","/ministry-8/minister-2/portfolio-188",8,2,"Pierre Poilievre","Carleton","Minister for Democratic Reform","2004-06-28",NA
"173","/ministry-33/minister-2/portfolio-189","/ministry-33","/ministry-33/minister-2","/ministry-33/minister-2/portfolio-189",33,2,"Pierre Poilievre","Carleton","Minister of Employment and Social Development","2004-06-28",NA
"174","/ministry-78/minister-1/portfolio-190","/ministry-78","/ministry-78/minister-1","/ministry-78/minister-1/portfolio-190",78,1,"Pierre Poilievre","Carleton","Minister of State (Democratic Reform)","2004-06-28",NA
"175","/ministry-22/minister-1/portfolio-29","/ministry-22","/ministry-22/minister-1","/ministry-22/minister-1/portfolio-29",22,1,"Carla Qualtrough","Delta","Minister of Accessibility","2015-10-19",NA
"176","/ministry-65/minister-1/portfolio-30","/ministry-65","/ministry-65/minister-1","/ministry-65/minister-1/portfolio-30",65,1,"Carla Qualtrough","Delta","Minister of Public Services and Procurement","2015-10-19",NA
"177","/ministry-58/minister-4/portfolio-141","/ministry-58","/ministry-58/minister-4","/ministry-58/minister-4/portfolio-141",58,4,"Lisa Raitt","Milton","Minister of Labour","2008-10-14",NA
"178","/ministry-62/minister-4/portfolio-142","/ministry-62","/ministry-62/minister-4","/ministry-62/minister-4/portfolio-142",62,4,"Lisa Raitt","Milton","Minister of Natural Resources","2008-10-14",NA
"179","/ministry-106/minister-3/portfolio-143","/ministry-106","/ministry-106/minister-3","/ministry-106/minister-3/portfolio-143",106,3,"Lisa Raitt","Milton","Minister of Transport","2008-10-14",NA
"180","/ministry-38/minister-1/portfolio-77","/ministry-38","/ministry-38/minister-1","/ministry-38/minister-1/portfolio-77",38,1,"Geoff Regan","Halifax West","Minister of Fisheries and Oceans","2004-06-28",NA
"181","/ministry-99/minister-1/portfolio-164","/ministry-99","/ministry-99/minister-1","/ministry-99/minister-1/portfolio-164",99,1,"Michelle Rempel","Calgary Nose Hill","Minister of State (Western Economic Diversification)","2011-05-02",NA
"182","/ministry-19/minister-3/portfolio-82","/ministry-19","/ministry-19/minister-3","/ministry-19/minister-3/portfolio-82",19,3,"Greg Rickford","Kenora","Minister for the Federal Economic Development Initiative for Northern Ontario","2008-10-14","2015-10-18"
"183","/ministry-62/minister-5/portfolio-83","/ministry-62","/ministry-62/minister-5","/ministry-62/minister-5/portfolio-83",62,5,"Greg Rickford","Kenora","Minister of Natural Resources","2008-10-14","2015-10-18"
"184","/ministry-91/minister-1/portfolio-84","/ministry-91","/ministry-91/minister-1","/ministry-91/minister-1/portfolio-84",91,1,"Greg Rickford","Kenora","Minister of State (Science and Technology, and Federal Economic Development Initiative for Northern Ontario)","2008-10-14","2015-10-18"
"185","/ministry-18/minister-1/portfolio-78","/ministry-18","/ministry-18/minister-1","/ministry-18/minister-1/portfolio-78",18,1,"Gerry Ritz","Battlefordsâ€”Lloydminster","Minister for the Canadian Wheat Board","2004-06-28","2017-10-02"
"186","/ministry-23/minister-3/portfolio-79","/ministry-23","/ministry-23/minister-3","/ministry-23/minister-3/portfolio-79",23,3,"Gerry Ritz","Battlefordsâ€”Lloydminster","Minister of Agriculture and Agri-Food","2004-06-28","2017-10-02"
"187","/ministry-124/minister-1/portfolio-80","/ministry-124","/ministry-124/minister-1","/ministry-124/minister-1/portfolio-80",124,1,"Gerry Ritz","Battlefordsâ€”Lloydminster","Secretary of State (Small Business and Tourism)","2004-06-28","2017-10-02"
"188","/ministry-42/minister-2/portfolio-147","/ministry-42","/ministry-42/minister-2","/ministry-42/minister-2/portfolio-147",42,2,"Lucienne Robillard","Westmountâ€”Ville-Marie","Minister of Human Resources and Skills Development","2004-06-28","2008-01-25"
"189","/ministry-42/minister-3/portfolio-148","/ministry-42","/ministry-42/minister-3","/ministry-42/minister-3/portfolio-148",42,3,"Lucienne Robillard","Westmountâ€”Ville-Marie","Minister of Human Resources and Skills Development","2004-06-28","2008-01-25"
"190","/ministry-47/minister-6/portfolio-149","/ministry-47","/ministry-47/minister-6","/ministry-47/minister-6/portfolio-149",47,6,"Lucienne Robillard","Westmountâ€”Ville-Marie","Minister of Industry","2004-06-28","2008-01-25"
"191","/ministry-51/minister-4/portfolio-150","/ministry-51","/ministry-51/minister-4","/ministry-51/minister-4/portfolio-150",51,4,"Lucienne Robillard","Westmountâ€”Ville-Marie","Minister of Intergovernmental Affairs","2004-06-28","2008-01-25"
"192","/ministry-116/minister-1/portfolio-151","/ministry-116","/ministry-116/minister-1","/ministry-116/minister-1/portfolio-151",116,1,"Lucienne Robillard","Westmountâ€”Ville-Marie","Minister responsible for the Economic Development Agency of Canada for the Regions of Quebec","2004-06-28","2008-01-25"
"193","/ministry-118/minister-3/portfolio-152","/ministry-118","/ministry-118/minister-3","/ministry-118/minister-3/portfolio-152",118,3,"Lucienne Robillard","Westmountâ€”Ville-Marie","President of the Queen's Privy Council for Canada","2004-06-28","2008-01-25"
"194","/ministry-26/minister-1/portfolio-166","/ministry-26","/ministry-26/minister-1","/ministry-26/minister-1/portfolio-166",26,1,"Pablo Rodriguez","HonorÃ©-Mercier","Minister of Canadian Heritage and Multiculturalism","2004-06-28",NA
"195","/ministry-6/minister-3/portfolio-88","/ministry-6","/ministry-6/minister-3","/ministry-6/minister-3/portfolio-88",6,3,"Jacques Saada","Brossardâ€”La Prairie","Leader of the Government in the House of Commons","2004-06-28","2006-01-22"
"196","/ministry-103/minister-2/portfolio-89","/ministry-103","/ministry-103/minister-2","/ministry-103/minister-2/portfolio-89",103,2,"Jacques Saada","Brossardâ€”La Prairie","Minister of the Economic Development Agency of Canada for the Regions of Quebec","2004-06-28","2006-01-22"
"197","/ministry-110/minister-1/portfolio-90","/ministry-110","/ministry-110/minister-1","/ministry-110/minister-1/portfolio-90",110,1,"Jacques Saada","Brossardâ€”La Prairie","Minister responsible for Democratic Reform","2004-06-28","2006-01-22"
"198","/ministry-117/minister-1/portfolio-91","/ministry-117","/ministry-117/minister-1","/ministry-117/minister-1/portfolio-91",117,1,"Jacques Saada","Brossardâ€”La Prairie","Minister responsible for the Francophonie","2004-06-28","2006-01-22"
"199","/ministry-60/minister-5/portfolio-85","/ministry-60","/ministry-60/minister-5","/ministry-60/minister-5/portfolio-85",60,5,"Harjit S. Sajjan","Vancouver South","Minister of National Defence","2015-10-19",NA
"200","/ministry-5/minister-2/portfolio-11","/ministry-5","/ministry-5/minister-2","/ministry-5/minister-2/portfolio-11",5,2,"Andy Scott","Fredericton","Federal Interlocutor for Métis and Non-Status Indians","2004-06-28","2008-10-13"
"201","/ministry-45/minister-3/portfolio-12","/ministry-45","/ministry-45/minister-3","/ministry-45/minister-3/portfolio-12",45,3,"Andy Scott","Fredericton","Minister of Indian Affairs and Northern Development","2004-06-28","2008-10-13"
"202","/ministry-87/minister-1/portfolio-13","/ministry-87","/ministry-87/minister-1","/ministry-87/minister-1/portfolio-13",87,1,"Andy Scott","Fredericton","Minister of State (Infrastructure)","2004-06-28","2008-10-13"
"203","/ministry-16/minister-1/portfolio-70","/ministry-16","/ministry-16/minister-1","/ministry-16/minister-1/portfolio-70",16,1,"Gail Shea","Egmont","Minister for the Atlantic Canada Opportunities Agency","2008-10-14","2015-10-18"
"204","/ministry-38/minister-2/portfolio-71","/ministry-38","/ministry-38/minister-2","/ministry-38/minister-2/portfolio-71",38,2,"Gail Shea","Egmont","Minister of Fisheries and Oceans","2008-10-14","2015-10-18"
"205","/ministry-38/minister-3/portfolio-72","/ministry-38","/ministry-38/minister-3","/ministry-38/minister-3/portfolio-72",38,3,"Gail Shea","Egmont","Minister of Fisheries and Oceans","2008-10-14","2015-10-18"
"206","/ministry-61/minister-4/portfolio-73","/ministry-61","/ministry-61/minister-4","/ministry-61/minister-4/portfolio-73",61,4,"Gail Shea","Egmont","Minister of National Revenue","2008-10-14","2015-10-18"
"207","/ministry-62/minister-6/portfolio-7","/ministry-62","/ministry-62/minister-6","/ministry-62/minister-6/portfolio-7",62,6,"Amarjeet Sohi","Edmonton Mill Woods","Minister of Natural Resources","2015-10-19",NA
"208","/ministry-83/minister-1/portfolio-133","/ministry-83","/ministry-83/minister-1","/ministry-83/minister-1/portfolio-133",83,1,"Kevin Sorenson","Battle Riverâ€”Crowfoot","Minister of State (Finance)","2004-06-28",NA
"209","/ministry-42/minister-4/portfolio-18","/ministry-42","/ministry-42/minister-4","/ministry-42/minister-4/portfolio-18",42,4,"Belinda Stronach","Newmarketâ€”Aurora","Minister of Human Resources and Skills Development","2004-06-28","2008-10-13"
"210","/ministry-111/minister-1/portfolio-19","/ministry-111","/ministry-111/minister-1","/ministry-111/minister-1/portfolio-19",111,1,"Belinda Stronach","Newmarketâ€”Aurora","Minister responsible for Democratic Renewal","2004-06-28","2008-10-13"
"211","/ministry-69/minister-1/portfolio-69","/ministry-69","/ministry-69/minister-1","/ministry-69/minister-1/portfolio-69",69,1,"Filomena Tassi","Hamilton Westâ€”Ancasterâ€”Dundas","Minister of Seniors","2015-10-19",NA
"212","/ministry-120/minister-3/portfolio-126","/ministry-120","/ministry-120/minister-3","/ministry-120/minister-3/portfolio-126",120,3,"Justin Trudeau","Papineau","Prime Minister","2008-10-14",NA
"213","/ministry-78/minister-2/portfolio-223","/ministry-78","/ministry-78/minister-2","/ministry-78/minister-2/portfolio-223",78,2,"Tim Uppal","Edmontonâ€”Sherwood Park","Minister of State (Democratic Reform)","2008-10-14","2015-10-18"
"214","/ministry-88/minister-2/portfolio-224","/ministry-88","/ministry-88/minister-2","/ministry-88/minister-2/portfolio-224",88,2,"Tim Uppal","Edmontonâ€”Sherwood Park","Minister of State (Multiculturalism)","2008-10-14","2015-10-18"
"215","/ministry-1/minister-6/portfolio-21","/ministry-1","/ministry-1/minister-6","/ministry-1/minister-6/portfolio-21",1,6,"Bernard Valcourt","Madawaskaâ€”Restigouche","Associate Minister of National Defence","2011-05-02","2015-10-18"
"216","/ministry-21/minister-2/portfolio-22","/ministry-21","/ministry-21/minister-2","/ministry-21/minister-2/portfolio-22",21,2,"Bernard Valcourt","Madawaskaâ€”Restigouche","Minister of Aboriginal Affairs and Northern Development","2011-05-02","2015-10-18"
"217","/ministry-75/minister-1/portfolio-23","/ministry-75","/ministry-75/minister-1","/ministry-75/minister-1/portfolio-23",75,1,"Bernard Valcourt","Madawaskaâ€”Restigouche","Minister of State (Atlantic Canada Opportunities Agency) (La Francophonie)","2011-05-02","2015-10-18"
"218","/ministry-6/minister-4/portfolio-231","/ministry-6","/ministry-6/minister-4","/ministry-6/minister-4/portfolio-231",6,4,"Tony Valeri","Hamilton Eastâ€”Stoney Creek","Leader of the Government in the House of Commons","2004-06-28","2006-01-22"
"219","/ministry-106/minister-4/portfolio-232","/ministry-106","/ministry-106/minister-4","/ministry-106/minister-4/portfolio-232",106,4,"Tony Valeri","Hamilton Eastâ€”Stoney Creek","Minister of Transport","2004-06-28","2006-01-22"
"220","/ministry-6/minister-5/portfolio-176","/ministry-6","/ministry-6/minister-5","/ministry-6/minister-5/portfolio-176",6,5,"Peter Van Loan","Yorkâ€”Simcoe","Leader of the Government in the House of Commons","2004-06-28","2018-09-30"
"221","/ministry-6/minister-6/portfolio-177","/ministry-6","/ministry-6/minister-6","/ministry-6/minister-6/portfolio-177",6,6,"Peter Van Loan","Yorkâ€”Simcoe","Leader of the Government in the House of Commons","2004-06-28","2018-09-30"
"222","/ministry-8/minister-3/portfolio-178","/ministry-8","/ministry-8/minister-3","/ministry-8/minister-3/portfolio-178",8,3,"Peter Van Loan","Yorkâ€”Simcoe","Minister for Democratic Reform","2004-06-28","2018-09-30"
"223","/ministry-12/minister-1/portfolio-179","/ministry-12","/ministry-12/minister-1","/ministry-12/minister-1/portfolio-179",12,1,"Peter Van Loan","Yorkâ€”Simcoe","Minister for Sport","2004-06-28","2018-09-30"
"224","/ministry-51/minister-5/portfolio-180","/ministry-51","/ministry-51/minister-5","/ministry-51/minister-5/portfolio-180",51,5,"Peter Van Loan","Yorkâ€”Simcoe","Minister of Intergovernmental Affairs","2004-06-28","2018-09-30"
"225","/ministry-55/minister-3/portfolio-181","/ministry-55","/ministry-55/minister-3","/ministry-55/minister-3/portfolio-181",55,3,"Peter Van Loan","Yorkâ€”Simcoe","Minister of International Trade","2004-06-28","2018-09-30"
"226","/ministry-63/minister-1/portfolio-182","/ministry-63","/ministry-63/minister-1","/ministry-63/minister-1/portfolio-182",63,1,"Peter Van Loan","Yorkâ€”Simcoe","Minister of Public Safety","2004-06-28","2018-09-30"
"227","/ministry-118/minister-4/portfolio-183","/ministry-118","/ministry-118/minister-4","/ministry-118/minister-4/portfolio-183",118,4,"Peter Van Loan","Yorkâ€”Simcoe","President of the Queen's Privy Council for Canada","2004-06-28","2018-09-30"
"228","/ministry-28/minister-3/portfolio-117","/ministry-28","/ministry-28/minister-3","/ministry-28/minister-3/portfolio-117",28,3,"Joseph Volpe","Eglintonâ€”Lawrence","Minister of Citizenship and Immigration","2004-06-28","2011-05-01"
"229","/ministry-42/minister-5/portfolio-118","/ministry-42","/ministry-42/minister-5","/ministry-42/minister-5/portfolio-118",42,5,"Joseph Volpe","Eglintonâ€”Lawrence","Minister of Human Resources and Skills Development","2004-06-28","2011-05-01"
"230","/ministry-39/minister-1/portfolio-116","/ministry-39","/ministry-39/minister-1","/ministry-39/minister-1/portfolio-116",39,1,"Jonathan Wilkinson","North Vancouver","Minister of Fisheries, Oceans and the Canadian Coast Guard","2015-10-19",NA
"231","/ministry-94/minister-2/portfolio-6","/ministry-94","/ministry-94/minister-2","/ministry-94/minister-2/portfolio-6",94,2,"Alice Wong","Richmond Centre","Minister of State (Seniors)","2008-10-14",NA
"232","/ministry-84/minister-1/portfolio-153","/ministry-84","/ministry-84/minister-1","/ministry-84/minister-1/portfolio-153",84,1,"Lynne Yelich","Blackstrap","Minister of State (Foreign Affairs and Consular)","2004-06-28","2015-10-18"
"233","/ministry-99/minister-2/portfolio-154","/ministry-99","/ministry-99/minister-2","/ministry-99/minister-2/portfolio-154",99,2,"Lynne Yelich","Blackstrap","Minister of State (Western Economic Diversification)","2004-06-28","2015-10-18"
